{
  "version": 1,
  "author": "Uri Shaked",
  "editor": "wokwi",
  "parts": [
    { "type": "board-esp32-devkit-c-v4", "id": "esp", "top": 0, "left": 0, "attrs": {} },
    {
      "type": "wokwi-potentiometer",
      "id": "potentiometer",
      "top": -100,
      "left": -150,
      "attrs": { "value": "512" }
    },
    { "type": "wokwi-buzzer", "id": "buzzer", "top": -50, "left": 150, "attrs": {} }
  ],
  "connections": [
    [ "esp:TX", "$serialMonitor:RX", "", [] ],
    [ "esp:RX", "$serialMonitor:TX", "", [] ],
    [ "potentiometer:GND", "esp:GND", "black", [ "v0" ] ],
    [ "potentiometer:VCC", "esp:3V3", "red", [ "v1" ] ],
    [ "potentiometer:SIG", "esp:34", "blue", [ "v2" ] ],
    [ "buzzer:1", "esp:18", "yellow", [ "v3" ] ],
    [ "buzzer:2", "esp:GND", "black", [ "v4" ] ],
    [ "buzzer:2", "esp:GND.1", "green", [ "v0" ] ]
  ],
  "dependencies": {}
}